<?xml version="1.0"?>
<ResultList xmlns:ws="http://www.winsplits.se/IofXmlExtensions"
    xmlns:eventor="http://eventor.orientering.se/iofxmlextensions"
    xmlns:xsi="http://www.w3.org/2001/XMLSchema-instance" iofVersion="3.0" createTime="2022-06-22T17:53:34Z" creator="WinSplits.Api"
    xmlns="http://www.orienteering.org/datastandard/3.0">
    <Event>
        <Id>83120</Id>
        <Name>Prépa finale Meylan</Name>
        <StartTime>
            <Date>2022-06-22</Date>
        </StartTime>
        <Classification>Club</Classification>
        <Form>Individual</Form>
        <Organiser>
            <Name>FFCO</Name>
            <Country code="FRA" />
        </Organiser>
    </Event>
    <ClassResult>
        <Class numberOfCompetitors="2">
            <Id>2</Id>
            <Name>H21</Name>
        </Class>
        <Course>
            <Length>4020</Length>
        </Course>
        <PersonResult>
            <Person>
                <Id>11069</Id>
                <Name>
                    <Family>CAPBERN</Family>
                    <Given>Loïc</Given>
                </Name>
            </Person>
            <Organisation>
                <Id>1</Id>
                <Name>TOAC Orientatio</Name>
            </Organisation>
            <Result>
                <StartTime>2022-06-22T18:00:04</StartTime>
                <FinishTime>2022-06-22T18:15:22</FinishTime>
                <Time>918</Time>
                <Position>1</Position>
                <Status>OK</Status>
                <Course>
                    <Length>4020</Length>
                </Course>
                <SplitTime>
                    <ControlCode>31</ControlCode>
                    <Time>46</Time>
                </SplitTime>
                <SplitTime>
                    <ControlCode>32</ControlCode>
                    <Time>107</Time>
                </SplitTime>
                <SplitTime>
                    <ControlCode>33</ControlCode>
                    <Time>125</Time>
                </SplitTime>
                <SplitTime>
                    <ControlCode>34</ControlCode>
                    <Time>196</Time>
                </SplitTime>
                <SplitTime>
                    <ControlCode>35</ControlCode>
                    <Time>233</Time>
                </SplitTime>
                <SplitTime>
                    <ControlCode>36</ControlCode>
                    <Time>312</Time>
                </SplitTime>
                <SplitTime>
                    <ControlCode>37</ControlCode>
                    <Time>341</Time>
                </SplitTime>
                <SplitTime>
                    <ControlCode>38</ControlCode>
                    <Time>382</Time>
                </SplitTime>
                <SplitTime>
                    <ControlCode>46</ControlCode>
                    <Time>417</Time>
                </SplitTime>
                <SplitTime>
                    <ControlCode>39</ControlCode>
                    <Time>479</Time>
                </SplitTime>
                <SplitTime>
                    <ControlCode>40</ControlCode>
                    <Time>558</Time>
                </SplitTime>
                <SplitTime>
                    <ControlCode>41</ControlCode>
                    <Time>583</Time>
                </SplitTime>
                <SplitTime>
                    <ControlCode>42</ControlCode>
                    <Time>628</Time>
                </SplitTime>
                <SplitTime>
                    <ControlCode>43</ControlCode>
                    <Time>661</Time>
                </SplitTime>
                <SplitTime>
                    <ControlCode>44</ControlCode>
                    <Time>716</Time>
                </SplitTime>
                <SplitTime>
                    <ControlCode>45</ControlCode>
                    <Time>737</Time>
                </SplitTime>
                <SplitTime>
                    <ControlCode>47</ControlCode>
                    <Time>784</Time>
                </SplitTime>
                <SplitTime>
                    <ControlCode>48</ControlCode>
                    <Time>817</Time>
                </SplitTime>
                <SplitTime>
                    <ControlCode>49</ControlCode>
                    <Time>846</Time>
                </SplitTime>
                <SplitTime>
                    <ControlCode>50</ControlCode>
                    <Time>857</Time>
                </SplitTime>
                <SplitTime>
                    <ControlCode>51</ControlCode>
                    <Time>893</Time>
                </SplitTime>
                <SplitTime>
                    <ControlCode>52</ControlCode>
                    <Time>911</Time>
                </SplitTime>
            </Result>
        </PersonResult>
        <PersonResult>
            <Person>
                <Id>10384</Id>
                <Name>
                    <Family>DELENNE</Family>
                    <Given>Adrien</Given>
                </Name>
            </Person>
            <Organisation>
                <Id>2</Id>
                <Name>ACA AIX EN PROV</Name>
            </Organisation>
            <Result>
                <StartTime>2022-06-22T18:01:03</StartTime>
                <FinishTime>2022-06-22T18:16:51</FinishTime>
                <Time>948</Time>
                <Position>2</Position>
                <Status>OK</Status>
                <Course>
                    <Length>4020</Length>
                </Course>
                <SplitTime>
                    <ControlCode>31</ControlCode>
                    <Time>44</Time>
                </SplitTime>
                <SplitTime>
                    <ControlCode>32</ControlCode>
                    <Time>100</Time>
                </SplitTime>
                <SplitTime>
                    <ControlCode>33</ControlCode>
                    <Time>117</Time>
                </SplitTime>
                <SplitTime>
                    <ControlCode>34</ControlCode>
                    <Time>176</Time>
                </SplitTime>
                <SplitTime>
                    <ControlCode>35</ControlCode>
                    <Time>214</Time>
                </SplitTime>
                <SplitTime>
                    <ControlCode>36</ControlCode>
                    <Time>291</Time>
                </SplitTime>
                <SplitTime>
                    <ControlCode>37</ControlCode>
                    <Time>323</Time>
                </SplitTime>
                <SplitTime>
                    <ControlCode>38</ControlCode>
                    <Time>438</Time>
                </SplitTime>
                <SplitTime>
                    <ControlCode>46</ControlCode>
                    <Time>470</Time>
                </SplitTime>
                <SplitTime>
                    <ControlCode>39</ControlCode>
                    <Time>530</Time>
                </SplitTime>
                <SplitTime>
                    <ControlCode>40</ControlCode>
                    <Time>603</Time>
                </SplitTime>
                <SplitTime>
                    <ControlCode>41</ControlCode>
                    <Time>622</Time>
                </SplitTime>
                <SplitTime>
                    <ControlCode>42</ControlCode>
                    <Time>668</Time>
                </SplitTime>
                <SplitTime>
                    <ControlCode>43</ControlCode>
                    <Time>695</Time>
                </SplitTime>
                <SplitTime>
                    <ControlCode>44</ControlCode>
                    <Time>748</Time>
                </SplitTime>
                <SplitTime>
                    <ControlCode>45</ControlCode>
                    <Time>767</Time>
                </SplitTime>
                <SplitTime>
                    <ControlCode>47</ControlCode>
                    <Time>811</Time>
                </SplitTime>
                <SplitTime>
                    <ControlCode>48</ControlCode>
                    <Time>845</Time>
                </SplitTime>
                <SplitTime>
                    <ControlCode>49</ControlCode>
                    <Time>874</Time>
                </SplitTime>
                <SplitTime>
                    <ControlCode>50</ControlCode>
                    <Time>885</Time>
                </SplitTime>
                <SplitTime>
                    <ControlCode>51</ControlCode>
                    <Time>922</Time>
                </SplitTime>
                <SplitTime>
                    <ControlCode>52</ControlCode>
                    <Time>941</Time>
                </SplitTime>
            </Result>
        </PersonResult>
    </ClassResult>
</ResultList>
