<?xml version="1.0"?>
<ResultList xmlns:ws="http://www.winsplits.se/IofXmlExtensions" xmlns:eventor="http://eventor.orientering.se/iofxmlextensions" xmlns:xsi="http://www.w3.org/2001/XMLSchema-instance" iofVersion="3.0" createTime="2022-06-22T17:53:34Z" creator="WinSplits.Api" xmlns="http://www.orienteering.org/datastandard/3.0">
    <Event>
        <Id>83120</Id>
        <Name>Prépa finale Meylan</Name>
        <StartTime>
            <Date>2022-06-22</Date>
        </StartTime>
        <Classification>Club</Classification>
        <Form>Individual</Form>
        <Organiser>
            <Name>FFCO</Name>
            <Country code="FRA" />
        </Organiser>
    </Event>
    <ClassResult>
        <Class numberOfCompetitors="4">
            <Id>1</Id>
            <Name>D21</Name>
        </Class>
        <Course>
            <Length>3590</Length>
        </Course>
        <PersonResult>
            <Person>
                <Id>16817</Id>
                <Name>
                    <Family>CALANDRY</Family>
                    <Given>Cécile</Given>
                </Name>
            </Person>
            <Organisation>
                <Id>4</Id>
                <Name>ASO</Name>
            </Organisation>
            <Result>
                <StartTime>2022-06-22T18:02:03</StartTime>
                <FinishTime>2022-06-22T18:18:04</FinishTime>
                <Time>961</Time>
                <Position>1</Position>
                <Status>OK</Status>
                <Course>
                    <Length>3590</Length>
                </Course>
                <SplitTime>
                    <ControlCode>31</ControlCode>
                    <Time>53</Time>
                </SplitTime>
                <SplitTime>
                    <ControlCode>32</ControlCode>
                    <Time>137</Time>
                </SplitTime>
                <SplitTime>
                    <ControlCode>33</ControlCode>
                    <Time>156</Time>
                </SplitTime>
                <SplitTime>
                    <ControlCode>34</ControlCode>
                    <Time>240</Time>
                </SplitTime>
                <SplitTime>
                    <ControlCode>35</ControlCode>
                    <Time>283</Time>
                </SplitTime>
                <SplitTime>
                    <ControlCode>36</ControlCode>
                    <Time>374</Time>
                </SplitTime>
                <SplitTime>
                    <ControlCode>38</ControlCode>
                    <Time>420</Time>
                </SplitTime>
                <SplitTime>
                    <ControlCode>46</ControlCode>
                    <Time>459</Time>
                </SplitTime>
                <SplitTime>
                    <ControlCode>39</ControlCode>
                    <Time>524</Time>
                </SplitTime>
                <SplitTime>
                    <ControlCode>40</ControlCode>
                    <Time>619</Time>
                </SplitTime>
                <SplitTime>
                    <ControlCode>43</ControlCode>
                    <Time>660</Time>
                </SplitTime>
                <SplitTime>
                    <ControlCode>44</ControlCode>
                    <Time>724</Time>
                </SplitTime>
                <SplitTime>
                    <ControlCode>45</ControlCode>
                    <Time>747</Time>
                </SplitTime>
                <SplitTime>
                    <ControlCode>47</ControlCode>
                    <Time>796</Time>
                </SplitTime>
                <SplitTime>
                    <ControlCode>48</ControlCode>
                    <Time>841</Time>
                </SplitTime>
                <SplitTime>
                    <ControlCode>49</ControlCode>
                    <Time>876</Time>
                </SplitTime>
                <SplitTime>
                    <ControlCode>50</ControlCode>
                    <Time>888</Time>
                </SplitTime>
                <SplitTime>
                    <ControlCode>51</ControlCode>
                    <Time>931</Time>
                </SplitTime>
                <SplitTime>
                    <ControlCode>52</ControlCode>
                    <Time>953</Time>
                </SplitTime>
            </Result>
        </PersonResult>
        <PersonResult>
            <Person>
                <Id>20408</Id>
                <Name>
                    <Family>HANAUER</Family>
                    <Given>Florence</Given>
                </Name>
            </Person>
            <Organisation>
                <Id>3</Id>
                <Name>COBuhl.Florival</Name>
            </Organisation>
            <Result>
                <StartTime>2022-06-22T18:04:04</StartTime>
                <FinishTime>2022-06-22T18:20:42</FinishTime>
                <Time>998</Time>
                <Position>2</Position>
                <Status>OK</Status>
                <Course>
                    <Length>3590</Length>
                </Course>
                <SplitTime>
                    <ControlCode>31</ControlCode>
                    <Time>54</Time>
                </SplitTime>
                <SplitTime>
                    <ControlCode>32</ControlCode>
                    <Time>124</Time>
                </SplitTime>
                <SplitTime>
                    <ControlCode>33</ControlCode>
                    <Time>143</Time>
                </SplitTime>
                <SplitTime>
                    <ControlCode>34</ControlCode>
                    <Time>219</Time>
                </SplitTime>
                <SplitTime>
                    <ControlCode>35</ControlCode>
                    <Time>266</Time>
                </SplitTime>
                <SplitTime>
                    <ControlCode>36</ControlCode>
                    <Time>361</Time>
                </SplitTime>
                <SplitTime>
                    <ControlCode>38</ControlCode>
                    <Time>414</Time>
                </SplitTime>
                <SplitTime>
                    <ControlCode>46</ControlCode>
                    <Time>472</Time>
                </SplitTime>
                <SplitTime>
                    <ControlCode>39</ControlCode>
                    <Time>546</Time>
                </SplitTime>
                <SplitTime>
                    <ControlCode>40</ControlCode>
                    <Time>646</Time>
                </SplitTime>
                <SplitTime>
                    <ControlCode>43</ControlCode>
                    <Time>694</Time>
                </SplitTime>
                <SplitTime>
                    <ControlCode>44</ControlCode>
                    <Time>757</Time>
                </SplitTime>
                <SplitTime>
                    <ControlCode>45</ControlCode>
                    <Time>783</Time>
                </SplitTime>
                <SplitTime>
                    <ControlCode>47</ControlCode>
                    <Time>835</Time>
                </SplitTime>
                <SplitTime>
                    <ControlCode>48</ControlCode>
                    <Time>875</Time>
                </SplitTime>
                <SplitTime>
                    <ControlCode>49</ControlCode>
                    <Time>911</Time>
                </SplitTime>
                <SplitTime>
                    <ControlCode>50</ControlCode>
                    <Time>924</Time>
                </SplitTime>
                <SplitTime>
                    <ControlCode>51</ControlCode>
                    <Time>968</Time>
                </SplitTime>
                <SplitTime>
                    <ControlCode>52</ControlCode>
                    <Time>990</Time>
                </SplitTime>
            </Result>
        </PersonResult>
        <PersonResult>
            <Person>
                <Id>9932</Id>
                <Name>
                    <Family>BASSET</Family>
                    <Given>Isia</Given>
                </Name>
            </Person>
            <Organisation>
                <Id>6</Id>
                <Name>ASUL SPORTS NAT</Name>
            </Organisation>
            <Result>
                <StartTime>2022-06-22T18:03:03</StartTime>
                <FinishTime>2022-06-22T18:19:46</FinishTime>
                <Time>1003</Time>
                <Position>3</Position>
                <Status>OK</Status>
                <Course>
                    <Length>3590</Length>
                </Course>
                <SplitTime>
                    <ControlCode>31</ControlCode>
                    <Time>49</Time>
                </SplitTime>
                <SplitTime>
                    <ControlCode>32</ControlCode>
                    <Time>117</Time>
                </SplitTime>
                <SplitTime>
                    <ControlCode>33</ControlCode>
                    <Time>137</Time>
                </SplitTime>
                <SplitTime>
                    <ControlCode>34</ControlCode>
                    <Time>213</Time>
                </SplitTime>
                <SplitTime>
                    <ControlCode>35</ControlCode>
                    <Time>253</Time>
                </SplitTime>
                <SplitTime>
                    <ControlCode>36</ControlCode>
                    <Time>340</Time>
                </SplitTime>
                <SplitTime>
                    <ControlCode>38</ControlCode>
                    <Time>390</Time>
                </SplitTime>
                <SplitTime>
                    <ControlCode>46</ControlCode>
                    <Time>443</Time>
                </SplitTime>
                <SplitTime>
                    <ControlCode>39</ControlCode>
                    <Time>533</Time>
                </SplitTime>
                <SplitTime>
                    <ControlCode>40</ControlCode>
                    <Time>632</Time>
                </SplitTime>
                <SplitTime>
                    <ControlCode>43</ControlCode>
                    <Time>688</Time>
                </SplitTime>
                <SplitTime>
                    <ControlCode>44</ControlCode>
                    <Time>750</Time>
                </SplitTime>
                <SplitTime>
                    <ControlCode>45</ControlCode>
                    <Time>774</Time>
                </SplitTime>
                <SplitTime>
                    <ControlCode>47</ControlCode>
                    <Time>835</Time>
                </SplitTime>
                <SplitTime>
                    <ControlCode>48</ControlCode>
                    <Time>874</Time>
                </SplitTime>
                <SplitTime>
                    <ControlCode>49</ControlCode>
                    <Time>911</Time>
                </SplitTime>
                <SplitTime>
                    <ControlCode>50</ControlCode>
                    <Time>923</Time>
                </SplitTime>
                <SplitTime>
                    <ControlCode>51</ControlCode>
                    <Time>973</Time>
                </SplitTime>
                <SplitTime>
                    <ControlCode>52</ControlCode>
                    <Time>995</Time>
                </SplitTime>
            </Result>
        </PersonResult>
        <PersonResult>
            <Person>
                <Id>18699</Id>
                <Name>
                    <Family>VILLAR</Family>
                    <Given>Alix</Given>
                </Name>
            </Person>
            <Organisation>
                <Id>0</Id>
                <Name>COSE</Name>
            </Organisation>
            <Result>
                <StartTime>2022-06-22T18:05:04</StartTime>
                <FinishTime>2022-06-22T18:23:30</FinishTime>
                <Time>1106</Time>
                <Position>4</Position>
                <Status>OK</Status>
                <Course>
                    <Length>3590</Length>
                </Course>
                <SplitTime>
                    <ControlCode>31</ControlCode>
                    <Time>57</Time>
                </SplitTime>
                <SplitTime>
                    <ControlCode>32</ControlCode>
                    <Time>136</Time>
                </SplitTime>
                <SplitTime>
                    <ControlCode>33</ControlCode>
                    <Time>156</Time>
                </SplitTime>
                <SplitTime>
                    <ControlCode>34</ControlCode>
                    <Time>245</Time>
                </SplitTime>
                <SplitTime>
                    <ControlCode>35</ControlCode>
                    <Time>297</Time>
                </SplitTime>
                <SplitTime>
                    <ControlCode>36</ControlCode>
                    <Time>411</Time>
                </SplitTime>
                <SplitTime>
                    <ControlCode>38</ControlCode>
                    <Time>466</Time>
                </SplitTime>
                <SplitTime>
                    <ControlCode>46</ControlCode>
                    <Time>515</Time>
                </SplitTime>
                <SplitTime>
                    <ControlCode>39</ControlCode>
                    <Time>600</Time>
                </SplitTime>
                <SplitTime>
                    <ControlCode>40</ControlCode>
                    <Time>705</Time>
                </SplitTime>
                <SplitTime>
                    <ControlCode>43</ControlCode>
                    <Time>761</Time>
                </SplitTime>
                <SplitTime>
                    <ControlCode>44</ControlCode>
                    <Time>834</Time>
                </SplitTime>
                <SplitTime>
                    <ControlCode>45</ControlCode>
                    <Time>867</Time>
                </SplitTime>
                <SplitTime>
                    <ControlCode>47</ControlCode>
                    <Time>926</Time>
                </SplitTime>
                <SplitTime>
                    <ControlCode>48</ControlCode>
                    <Time>971</Time>
                </SplitTime>
                <SplitTime>
                    <ControlCode>49</ControlCode>
                    <Time>1010</Time>
                </SplitTime>
                <SplitTime>
                    <ControlCode>50</ControlCode>
                    <Time>1023</Time>
                </SplitTime>
                <SplitTime>
                    <ControlCode>51</ControlCode>
                    <Time>1074</Time>
                </SplitTime>
                <SplitTime>
                    <ControlCode>52</ControlCode>
                    <Time>1098</Time>
                </SplitTime>
            </Result>
        </PersonResult>
    </ClassResult>
</ResultList>