﻿<?xml version="1.0" encoding="UTF-8" ?>
<CourseData xmlns="http://www.orienteering.org/datastandard/3.0"
  xmlns:xsi="http://www.w3.org/2001/XMLSchema-instance" iofVersion="3.0" createTime="2022-06-21T20:25:21.250+02:00" creator="OCAD 2020.6.0.3809">
  <Event>
    <Name>Sprint Prépa WOC Meylan</Name>
  </Event>
  <RaceCourseData>
    <Map>
      <Scale>4000</Scale>
      <!-- extent of ocad map-->
      <MapPositionTopLeft x="-204.0" y="135.6" unit="mm"/>
      <MapPositionBottomRight x="156.1" y="-111.3" unit="mm"/>
    </Map>
    <Control>
      <Id>S1</Id>
      <Position lng="5.793802" lat="45.212847" />
      <MapPosition x="66.9" y="-15.6" unit="mm" />
    </Control>
    <Control>
      <Id>S2</Id>
      <Position lng="5.786125" lat="45.213300" />
      <MapPosition x="-84.1" y="-8.4" unit="mm" />
    </Control>
    <Control>
      <Id>31</Id>
      <Position lng="5.792364" lat="45.213173" />
      <MapPosition x="38.4" y="-7.6" unit="mm" />
    </Control>
    <Control>
      <Id>32</Id>
      <Position lng="5.789960" lat="45.212336" />
      <MapPosition x="-7.9" y="-32.5" unit="mm" />
    </Control>
    <Control>
      <Id>33</Id>
      <Position lng="5.789548" lat="45.212446" />
      <MapPosition x="-16.1" y="-29.7" unit="mm" />
    </Control>
    <Control>
      <Id>34</Id>
      <Position lng="5.787053" lat="45.212793" />
      <MapPosition x="-65.4" y="-21.8" unit="mm" />
    </Control>
    <Control>
      <Id>35</Id>
      <Position lng="5.787004" lat="45.213601" />
      <MapPosition x="-67.1" y="0.6" unit="mm" />
    </Control>
    <Control>
      <Id>36</Id>
      <Position lng="5.785209" lat="45.214257" />
      <MapPosition x="-103.0" y="17.6" unit="mm" />
    </Control>
    <Control>
      <Id>37</Id>
      <Position lng="5.784339" lat="45.214023" />
      <MapPosition x="-119.8" y="10.5" unit="mm" />
    </Control>
    <Control>
      <Id>38</Id>
      <Position lng="5.785003" lat="45.213519" />
      <MapPosition x="-106.3" y="-3.1" unit="mm" />
    </Control>
    <Control>
      <Id>39</Id>
      <Position lng="5.787612" lat="45.213758" />
      <MapPosition x="-55.4" y="5.4" unit="mm" />
    </Control>
    <Control>
      <Id>40</Id>
      <Position lng="5.789260" lat="45.213940" />
      <MapPosition x="-23.2" y="11.6" unit="mm" />
    </Control>
    <Control>
      <Id>41</Id>
      <Position lng="5.789118" lat="45.214394" />
      <MapPosition x="-26.5" y="24.1" unit="mm" />
    </Control>
    <Control>
      <Id>42</Id>
      <Position lng="5.790881" lat="45.214319" />
      <MapPosition x="8.2" y="23.2" unit="mm" />
    </Control>
    <Control>
      <Id>43</Id>
      <Position lng="5.790756" lat="45.213396" />
      <MapPosition x="6.6" y="-2.5" unit="mm" />
    </Control>
    <Control>
      <Id>44</Id>
      <Position lng="5.793086" lat="45.213072" />
      <MapPosition x="52.7" y="-9.9" unit="mm" />
    </Control>
    <Control>
      <Id>45</Id>
      <Position lng="5.793643" lat="45.213652" />
      <MapPosition x="63.0" y="6.6" unit="mm" />
    </Control>
    <Control>
      <Id>46</Id>
      <Position lng="5.786120" lat="45.213300" />
      <MapPosition x="-84.2" y="-8.4" unit="mm" />
    </Control>
    <Control>
      <Id>47</Id>
      <Position lng="5.795543" lat="45.213610" />
      <MapPosition x="100.3" y="6.8" unit="mm" />
    </Control>
    <Control>
      <Id>48</Id>
      <Position lng="5.796382" lat="45.212894" />
      <MapPosition x="117.5" y="-12.5" unit="mm" />
    </Control>
    <Control>
      <Id>49</Id>
      <Position lng="5.795804" lat="45.212282" />
      <MapPosition x="106.8" y="-29.9" unit="mm" />
    </Control>
    <Control>
      <Id>50</Id>
      <Position lng="5.796351" lat="45.212340" />
      <MapPosition x="117.4" y="-27.9" unit="mm" />
    </Control>
    <Control>
      <Id>51</Id>
      <Position lng="5.795548" lat="45.213149" />
      <MapPosition x="100.9" y="-6.0" unit="mm" />
    </Control>
    <Control>
      <Id>52</Id>
      <Position lng="5.794389" lat="45.213071" />
      <MapPosition x="78.2" y="-9.0" unit="mm" />
    </Control>
    <Control>
      <Id>F1</Id>
      <Position lng="5.794046" lat="45.213317" />
      <MapPosition x="71.3" y="-2.4" unit="mm" />
    </Control>

    <Course>
      <Name>Homme</Name>
      <Length>4020</Length>
      <Climb>0</Climb>
      <CourseControl type="Start">
        <Control>S1</Control>
      </CourseControl>
      <CourseControl type="Control">
        <Control>31</Control>
        <LegLength>119</LegLength>
      </CourseControl>
      <CourseControl type="Control">
        <Control>32</Control>
        <LegLength>210</LegLength>
      </CourseControl>
      <CourseControl type="Control">
        <Control>33</Control>
        <LegLength>35</LegLength>
      </CourseControl>
      <CourseControl type="Control">
        <Control>34</Control>
        <LegLength>200</LegLength>
      </CourseControl>
      <CourseControl type="Control">
        <Control>35</Control>
        <LegLength>90</LegLength>
      </CourseControl>
      <CourseControl type="Control">
        <Control>36</Control>
        <LegLength>159</LegLength>
      </CourseControl>
      <CourseControl type="Control">
        <Control>37</Control>
        <LegLength>73</LegLength>
      </CourseControl>
      <CourseControl type="Control">
        <Control>38</Control>
        <LegLength>76</LegLength>
      </CourseControl>
      <CourseControl type="Control">
        <Control>46</Control>
        <LegLength>91</LegLength>
      </CourseControl>
      <CourseControl type="Start">
        <Control>S2</Control>
        <LegLength>0</LegLength>
      </CourseControl>
      <CourseControl type="Control">
        <Control>39</Control>
        <LegLength>127</LegLength>
      </CourseControl>
      <CourseControl type="Control">
        <Control>40</Control>
        <LegLength>131</LegLength>
      </CourseControl>
      <CourseControl type="Control">
        <Control>41</Control>
        <LegLength>52</LegLength>
      </CourseControl>
      <CourseControl type="Control">
        <Control>42</Control>
        <LegLength>139</LegLength>
      </CourseControl>
      <CourseControl type="Control">
        <Control>43</Control>
        <LegLength>103</LegLength>
      </CourseControl>
      <CourseControl type="Control">
        <Control>44</Control>
        <LegLength>186</LegLength>
      </CourseControl>
      <CourseControl type="Control">
        <Control>45</Control>
        <LegLength>78</LegLength>
      </CourseControl>
      <CourseControl type="Control">
        <Control>47</Control>
        <LegLength>156</LegLength>
      </CourseControl>
      <CourseControl type="Control">
        <Control>48</Control>
        <LegLength>103</LegLength>
      </CourseControl>
      <CourseControl type="Control">
        <Control>49</Control>
        <LegLength>82</LegLength>
      </CourseControl>
      <CourseControl type="Control">
        <Control>50</Control>
        <LegLength>43</LegLength>
      </CourseControl>
      <CourseControl type="Control">
        <Control>51</Control>
        <LegLength>110</LegLength>
      </CourseControl>
      <CourseControl type="Control">
        <Control>52</Control>
        <LegLength>91</LegLength>
      </CourseControl>
      <CourseControl type="Finish">
        <Control>F1</Control>
        <LegLength>38</LegLength>
      </CourseControl>
    </Course>

    <Course>
      <Name>Loggator</Name>
      <Length>4020</Length>
      <Climb>0</Climb>
      <CourseControl type="Start">
        <Control>S1</Control>
      </CourseControl>
      <CourseControl type="Control">
        <Control>31</Control>
        <LegLength>119</LegLength>
      </CourseControl>
      <CourseControl type="Control">
        <Control>32</Control>
        <LegLength>210</LegLength>
      </CourseControl>
      <CourseControl type="Control">
        <Control>33</Control>
        <LegLength>35</LegLength>
      </CourseControl>
      <CourseControl type="Control">
        <Control>34</Control>
        <LegLength>200</LegLength>
      </CourseControl>
      <CourseControl type="Control">
        <Control>35</Control>
        <LegLength>90</LegLength>
      </CourseControl>
      <CourseControl type="Control">
        <Control>36</Control>
        <LegLength>159</LegLength>
      </CourseControl>
      <CourseControl type="Control">
        <Control>37</Control>
        <LegLength>73</LegLength>
      </CourseControl>
      <CourseControl type="Control">
        <Control>38</Control>
        <LegLength>76</LegLength>
      </CourseControl>
      <CourseControl type="Control">
        <Control>46</Control>
        <LegLength>91</LegLength>
      </CourseControl>
      <CourseControl type="Start">
        <Control>S2</Control>
        <LegLength>0</LegLength>
      </CourseControl>
      <CourseControl type="Control">
        <Control>39</Control>
        <LegLength>127</LegLength>
      </CourseControl>
      <CourseControl type="Control">
        <Control>40</Control>
        <LegLength>131</LegLength>
      </CourseControl>
      <CourseControl type="Control">
        <Control>41</Control>
        <LegLength>52</LegLength>
      </CourseControl>
      <CourseControl type="Control">
        <Control>42</Control>
        <LegLength>139</LegLength>
      </CourseControl>
      <CourseControl type="Control">
        <Control>43</Control>
        <LegLength>103</LegLength>
      </CourseControl>
      <CourseControl type="Control">
        <Control>44</Control>
        <LegLength>186</LegLength>
      </CourseControl>
      <CourseControl type="Control">
        <Control>45</Control>
        <LegLength>78</LegLength>
      </CourseControl>
      <CourseControl type="Control">
        <Control>47</Control>
        <LegLength>156</LegLength>
      </CourseControl>
      <CourseControl type="Control">
        <Control>48</Control>
        <LegLength>103</LegLength>
      </CourseControl>
      <CourseControl type="Control">
        <Control>49</Control>
        <LegLength>82</LegLength>
      </CourseControl>
      <CourseControl type="Control">
        <Control>50</Control>
        <LegLength>43</LegLength>
      </CourseControl>
      <CourseControl type="Control">
        <Control>51</Control>
        <LegLength>110</LegLength>
      </CourseControl>
      <CourseControl type="Control">
        <Control>52</Control>
        <LegLength>91</LegLength>
      </CourseControl>
      <CourseControl type="Finish">
        <Control>F1</Control>
        <LegLength>38</LegLength>
      </CourseControl>
    </Course>

    <Course>
      <Name>Femme</Name>
      <Length>3590</Length>
      <Climb>0</Climb>
      <CourseControl type="Start">
        <Control>S1</Control>
      </CourseControl>
      <CourseControl type="Control">
        <Control>31</Control>
        <LegLength>119</LegLength>
      </CourseControl>
      <CourseControl type="Control">
        <Control>32</Control>
        <LegLength>210</LegLength>
      </CourseControl>
      <CourseControl type="Control">
        <Control>33</Control>
        <LegLength>35</LegLength>
      </CourseControl>
      <CourseControl type="Control">
        <Control>34</Control>
        <LegLength>200</LegLength>
      </CourseControl>
      <CourseControl type="Control">
        <Control>35</Control>
        <LegLength>90</LegLength>
      </CourseControl>
      <CourseControl type="Control">
        <Control>36</Control>
        <LegLength>159</LegLength>
      </CourseControl>
      <CourseControl type="Control">
        <Control>38</Control>
        <LegLength>84</LegLength>
      </CourseControl>
      <CourseControl type="Control">
        <Control>46</Control>
        <LegLength>91</LegLength>
      </CourseControl>
      <CourseControl type="Start">
        <Control>S2</Control>
        <LegLength>0</LegLength>
      </CourseControl>
      <CourseControl type="Control">
        <Control>39</Control>
        <LegLength>127</LegLength>
      </CourseControl>
      <CourseControl type="Control">
        <Control>40</Control>
        <LegLength>131</LegLength>
      </CourseControl>
      <CourseControl type="Control">
        <Control>43</Control>
        <LegLength>132</LegLength>
      </CourseControl>
      <CourseControl type="Control">
        <Control>44</Control>
        <LegLength>186</LegLength>
      </CourseControl>
      <CourseControl type="Control">
        <Control>45</Control>
        <LegLength>78</LegLength>
      </CourseControl>
      <CourseControl type="Control">
        <Control>47</Control>
        <LegLength>156</LegLength>
      </CourseControl>
      <CourseControl type="Control">
        <Control>48</Control>
        <LegLength>103</LegLength>
      </CourseControl>
      <CourseControl type="Control">
        <Control>49</Control>
        <LegLength>82</LegLength>
      </CourseControl>
      <CourseControl type="Control">
        <Control>50</Control>
        <LegLength>43</LegLength>
      </CourseControl>
      <CourseControl type="Control">
        <Control>51</Control>
        <LegLength>110</LegLength>
      </CourseControl>
      <CourseControl type="Control">
        <Control>52</Control>
        <LegLength>91</LegLength>
      </CourseControl>
      <CourseControl type="Finish">
        <Control>F1</Control>
        <LegLength>38</LegLength>
      </CourseControl>
    </Course>

  </RaceCourseData>
</CourseData>
